date,docket,name,volume,link
6/26/17,16-1436,Trump. v. International Refugee Assistance Project,582/2,https://www.supremecourt.gov/opinions/16pdf/16-1436_l6hc.pdf
6/26/17,16-992,Pavan v. Smith,582/2,https://www.supremecourt.gov/opinions/16pdf/16-992_868c.pdf
6/26/17,15-118,Hernandez v. Mesa,582/2,https://www.supremecourt.gov/opinions/16pdf/15-118_97bf.pdf
6/26/17,16-6219,Davila v. Davis,582/2,https://www.supremecourt.gov/opinions/16pdf/16-6219_i425.pdf
6/26/17,16-373,"California Public Employees’ Retirement System v. ANZ Securities, Inc.",582/2,https://www.supremecourt.gov/opinions/16pdf/16-373_pm02.pdf
6/26/17,15-577,"Trinity Lutheran Church of Columbia, Inc. v. Comer",582/2,https://www.supremecourt.gov/opinions/16pdf/15-577_khlp.pdf
6/23/17,16-399,Perry v. Merit Systems Protection Bd.,582/2,https://www.supremecourt.gov/opinions/16pdf/16-399_5436.pdf
6/23/17,15-214,Murr v. Wisconsin,582/2,https://www.supremecourt.gov/opinions/16pdf/15-214_f1gj.pdf
6/23/17,16-327,Jae Lee v. United States,582/2,https://www.supremecourt.gov/opinions/16pdf/16-327_3eb4.pdf
6/22/17,16-309,Maslenjak v. United States,582/2,https://www.supremecourt.gov/opinions/16pdf/16-309_h31i.pdf
6/22/17,15-1503,Turner v. United States,582/2,https://www.supremecourt.gov/opinions/16pdf/15-1503_4357.pdf
6/22/17,16-240,Weaver v. Massachusetts,582/2,https://www.supremecourt.gov/opinions/16pdf/16-240_g3bi.pdf
6/19/17,16-1116,Jenkins v. Hutton,582/1,https://www.supremecourt.gov/opinions/16pdf/16-1116_i4dk.pdf
6/19/17,16-466,"Bristol-Myers Squibb Co. v. Superior Court of Cal., San Francisco Cty.",582/1,https://www.supremecourt.gov/opinions/16pdf/16-466_1qm1.pdf
6/19/17,15-1293,Matal v. Tam,582/1,https://www.supremecourt.gov/opinions/16pdf/15-1293_1o13.pdf
6/19/17,16-5294,McWilliams v. Dunn,582/1,https://www.supremecourt.gov/opinions/16pdf/16-5294_h3dj.pdf
6/19/17,15-1358,Ziglar v. Abbasi,582/1,https://www.supremecourt.gov/opinions/16pdf/15-1358_6khn.pdf
6/19/17,15-1194,Packingham v. North Carolina,582/1,https://www.supremecourt.gov/opinions/16pdf/15-1194_08l1.pdf
6/12/17,16-1177,Virginia v. LeBlanc,582/1,https://www.supremecourt.gov/opinions/16pdf/16-1177_m648.pdf
6/12/17,16-349,Henson v. Santander Consumer USA Inc.,582/1,https://www.supremecourt.gov/opinions/16pdf/16-349_c07d.pdf
6/12/17,15-1191,Sessions v. Morales-Santana,582/1,https://www.supremecourt.gov/opinions/16pdf/15-1191_2a34.pdf
6/12/17,15-457,Microsoft Corp. v. Baker,582/1,https://www.supremecourt.gov/opinions/16pdf/15-457_6j37.pdf
6/12/17,15-1039,Sandoz Inc. v. Amgen Inc.,582/1,https://www.supremecourt.gov/opinions/16pdf/15-1039_1b8e.pdf
6/05/17,16-1023,North Carolina v. Covington,581/2,https://www.supremecourt.gov/opinions/16pdf/16-1023_m64o.pdf
6/05/17,16-74,Advocate Health Care Network v. Stapleton,581/2,https://www.supremecourt.gov/opinions/16pdf/16-74_5i36.pdf
6/05/17,16-529,Kokesh v. SEC,581/2,https://www.supremecourt.gov/opinions/16pdf/16-529_i426.pdf
6/05/17,16-142,Honeycutt v. United States,581/2,https://www.supremecourt.gov/opinions/16pdf/16-142_7l48.pdf
6/05/17,16-605,"Town of Chester v. Laroe Estates, Inc.",581/2,https://www.supremecourt.gov/opinions/16pdf/16-605_kjfl.pdf
5/30/17,16-369,County of Los Angeles v. Mendez,581/2,https://www.supremecourt.gov/opinions/16pdf/16-369_09m1.pdf
5/30/17,16-405,BNSF R. Co. v. Tyrrell,581/2,https://www.supremecourt.gov/opinions/16pdf/16-405_4gdj.pdf
5/30/17,16-54,Esquivel-Quintana v. Sessions,581/2,https://www.supremecourt.gov/opinions/16pdf/16-54_5i26.pdf
5/30/17,15-1189,"Impression Products, Inc. v. Lexmark Int’l, Inc.",581/2,https://www.supremecourt.gov/opinions/16pdf/15-1189_ebfj.pdf
5/22/17,15-1262,Cooper v. Harris,581/1,https://www.supremecourt.gov/opinions/16pdf/15-1262_db8e.pdf
5/22/17,16-254,"Water Splash, Inc. v. Menon",581/1,https://www.supremecourt.gov/opinions/16pdf/16-254_5iel.pdf
5/22/17,16-341,TC Heartland LLC v. Kraft Foods Group Brands LLC,581/1,https://www.supremecourt.gov/opinions/16pdf/16-341_8n59.pdf
5/15/17,16-32,"Kindred Nursing Centers, L. P. v. Clark",581/1,https://www.supremecourt.gov/opinions/16pdf/16-32_o7jp.pdf
5/15/17,16-348,"Midland Funding, LLC v. Johnson",581/1,https://www.supremecourt.gov/opinions/16pdf/16-348_h315.pdf
5/15/17,15-1031,Howell v. Howell,581/1,https://www.supremecourt.gov/opinions/16pdf/15-1031_hejm.pdf
5/01/17,15-1111,Bank of America Corp. v. Miami,581/1,https://www.supremecourt.gov/opinions/16pdf/15-1111_5i36.pdf
5/01/17,15-423,Bolivarian Republic of Venezuela v. Helmerich & Payne Int’l Drilling Co.,581/1,https://www.supremecourt.gov/opinions/16pdf/15-423_4357.pdf
4/25/17,15-1500,Lewis v. Clarke,581/1,https://www.supremecourt.gov/opinions/16pdf/15-1500_h3cj.pdf
4/19/17,15-1256,Nelson v. Colorado,581/1,https://www.supremecourt.gov/opinions/16pdf/15-1256_5i36.pdf
4/19/17,15-7250,Manrique v. United States,581/1,https://www.supremecourt.gov/opinions/16pdf/15-7250_3eb4.pdf
4/18/17,15-1406,Goodyear Tire & Rubber Co. v. Haeger,581/1,https://www.supremecourt.gov/opinions/16pdf/15-1406_db8e.pdf
4/18/17,16-149,"Coventry Health Care of Mo., Inc. v. Nevils",581/1,https://www.supremecourt.gov/opinions/16pdf/16-149_6jfm.pdf
4/03/17,15-1248,McLane Co. v. EEOC,581/1,https://www.supremecourt.gov/opinions/16pdf/15-1248_new_o7jp.pdf
4/03/17,15-9260,Dean v. United States,581/1,https://www.supremecourt.gov/opinions/16pdf/15-9260_8nj9.pdf
3/29/17,15-1391,Expressions Hair Design v. Schneiderman,581/1,https://www.supremecourt.gov/opinions/16pdf/15-1391_g31i.pdf
3/28/17,15-797,Moore v. Texas,581/1,https://www.supremecourt.gov/opinions/16pdf/15-797_n7io.pdf
3/22/17,15-649,Czyzewski v. Jevic Holding Corp.,580/2,https://www.supremecourt.gov/opinions/16pdf/15-649_k53m.pdf
3/22/17,15-866,"Star Athletica, L. L. C. v. Varsity Brands, Inc.",580/2,https://www.supremecourt.gov/opinions/16pdf/15-866_0971.pdf
3/22/17,15-827,Endrew F. v. Douglas County School Dist. RE–1,580/2,https://www.supremecourt.gov/opinions/16pdf/15-827_0pm1.pdf
3/21/17,14-9496,Manuel v. Joliet,580/2,https://www.supremecourt.gov/opinions/16pdf/14-9496_8njq.pdf
3/21/17,15-927,"SCA Hygiene Products Aktiebolag v. First Quality Baby Products, LLC",580/2,https://www.supremecourt.gov/opinions/16pdf/15-927_6j37.pdf
3/21/17,15-1251,"NLRB v. SW General, Inc",580/2,https://www.supremecourt.gov/opinions/16pdf/15-1251_ed9g.pdf
3/06/17,16-6316,Rippo v. Baker,580/2,https://www.supremecourt.gov/opinions/16pdf/16-6316_32h6.pdf
3/06/17,15-8544,Beckles v. United States,580/2,https://www.supremecourt.gov/opinions/16pdf/15-8544_2co3.pdf
3/06/17,15-606,Pena-Rodriguez v. Colorado,580/2,https://www.supremecourt.gov/opinions/16pdf/15-606_886b.pdf
3/01/17,15-680,Bethune-Hill v. Virginia State Bd. of Elections,580/2,https://www.supremecourt.gov/opinions/16pdf/15-680_c07d.pdf
2/22/17,15-497,Fry v. Napoleon Community Schools,580/1,https://www.supremecourt.gov/opinions/16pdf/15-497_p8k0.pdf
2/22/17,14-1538,Life Technologies Corp. v. Promega Corp.,580/1,https://www.supremecourt.gov/opinions/16pdf/14-1538_p8k0.pdf
2/22/17,15-8049,Buck v. Davis,580/1,https://www.supremecourt.gov/opinions/16pdf/15-8049_f2ah.pdf
1/18/17,14-1055,Lightfoot v. Cendant Mortgage Corp,580/1,https://www.supremecourt.gov/opinions/16pdf/14-1055_6j36.pdf
1/09/17,16-67,White v. Pauly,580/1,https://www.supremecourt.gov/opinions/16pdf/16-67_p8k0.pdf
12/12/16,15-5991,Shaw v. United States,580/1,https://www.supremecourt.gov/opinions/16pdf/15-5991_8m59.pdf
12/06/16,15-777,Samsung Electronics Co. v. Apple Inc.,580/1,https://www.supremecourt.gov/opinions/16pdf/15-777_7lho.pdf
12/06/16,15-628,Salman v. United States,580/1,https://www.supremecourt.gov/opinions/16pdf/15-628_m6ho.pdf
12/06/16,15-513,State Farm Fire & Casualty Co. v. United States ex rel. Rigsby,580/1,https://www.supremecourt.gov/opinions/16pdf/15-513_43j7.pdf
11/29/16,15-537,Bravo-Fernandez v. United States,580/1,https://www.supremecourt.gov/opinions/16pdf/15-537_ap6b.pdf
10/11/16,15-9173,Bosse v. Oklahoma,580/1,https://www.supremecourt.gov/opinions/16pdf/15-9173_q86b.pdf
6/28/18,17-1364,North Carolina v. Covington,585/2,https://www.supremecourt.gov/opinions/17pdf/17-1364_h3dj.pdf
6/28/18,17-1106,Sexton v. Beaudreaux,585/2,https://www.supremecourt.gov/opinions/17pdf/17-1106_ipdi.pdf
6/28/18,17-742,Sause v. Bauer,585/2,https://www.supremecourt.gov/opinions/17pdf/17-742_c185.pdf
6/27/18,16-1466,"Janus v. State, County, and Municipal Employees",585/2,https://www.supremecourt.gov/opinions/17pdf/16-1466_2b3j.pdf
6/27/18,"142, Orig.",Florida v. Georgia,585/2,https://www.supremecourt.gov/opinions/17pdf/142%20orig_new_3ebh.pdf
6/26/18,16-1140,National Institute of Family and Life Advocates v. Becerra,585/2,https://www.supremecourt.gov/opinions/17pdf/16-1140_5368.pdf
6/26/18,17-965,Trump v. Hawaii,585/2,https://www.supremecourt.gov/opinions/17pdf/17-965_h315.pdf
6/25/18,17-586,Abbott v. Perez,585/2,https://www.supremecourt.gov/opinions/17pdf/17-586_o7kq.pdf
6/25/18,16-1454,Ohio v. American Express Co.,585/2,https://www.supremecourt.gov/opinions/17pdf/16-1454_new_1a72.pdf
6/22/18,16-1017,Cox v. United States,585/1,https://www.supremecourt.gov/opinions/17pdf/16-1017_ebfj.pdf
6/22/18,16-961,Dalmazzi v. United States,585/1,https://www.supremecourt.gov/opinions/17pdf/16-961_jiel.pdf
6/22/18,16-1348,Currier v. Virginia,585/1,https://www.supremecourt.gov/opinions/17pdf/16-1348_h315.pdf
6/22/18,16-1423,Ortiz v. United States,585/1,https://www.supremecourt.gov/opinions/17pdf/16-1423_new_dd9l.pdf
6/22/18,16-1011,WesternGeco LLC v. ION Geophysical Corp.,585/1,https://www.supremecourt.gov/opinions/17pdf/16-1011_6j37.pdf
6/22/18,16-402,Carpenter v. United States,585/1,https://www.supremecourt.gov/opinions/17pdf/16-402_new_o75q.pdf
6/21/18,17-530,Wisconsin Central Ltd. v. United States,585/1,https://www.supremecourt.gov/opinions/17pdf/17-530_6537.pdf
6/21/18,17-130,Lucia v. SEC,585/1,https://www.supremecourt.gov/opinions/17pdf/17-130_4f14.pdf
6/21/18,17-459,Pereira v. Sessions,585/1,https://www.supremecourt.gov/opinions/17pdf/17-459_1o13.pdf
6/21/18,17-494,"South Dakota v. Wayfair, Inc.",585/1,https://www.supremecourt.gov/opinions/17pdf/17-494_j4el.pdf
6/18/18,17-333,Benisek v. Lamone,585/1,https://www.supremecourt.gov/opinions/17pdf/17-333_b97c.pdf
6/18/18,16-9493,Rosales-Mireles v. United States,585/1,https://www.supremecourt.gov/opinions/17pdf/16-9493_e0fi.pdf
6/18/18,17-5639,Chavez-Meza v. United States,585/1,https://www.supremecourt.gov/opinions/17pdf/17-5639_8m59.pdf
6/18/18,17-21,Lozman v. Riviera Beach,585/1,https://www.supremecourt.gov/opinions/17pdf/17-21_p8k0.pdf
6/18/18,16-1161,Gill v. Whitford,585/1,https://www.supremecourt.gov/opinions/17pdf/16-1161_dc8f.pdf
6/14/18,16-1220,"Animal Science Products, Inc. v. Hebei Welcome Pharmaceutical Co.",585/1,https://www.supremecourt.gov/opinions/17pdf/16-1220_3e04.pdf
6/14/18,16-1435,Minnesota Voters Alliance v. Mansky,585/1,https://www.supremecourt.gov/opinions/17pdf/16-1435_2co3.pdf
6/11/18,17-269,Washington v. United States,584/2,https://www.supremecourt.gov/opinions/17pdf/17-269_3eb4.pdf
6/11/18,16-1432,Sveen v. Melin,584/2,https://www.supremecourt.gov/opinions/17pdf/16-1432_7j8b.pdf
6/11/18,16-980,Husted v. A. Philip Randolph Institute,584/2,https://www.supremecourt.gov/opinions/17pdf/16-980_f2q3.pdf
6/11/18,17-432,"China Agritech, Inc. v. Resh",584/2,https://www.supremecourt.gov/opinions/17pdf/17-432_08m1.pdf
6/04/18,17-654,Azar v. Garza,584/2,https://www.supremecourt.gov/opinions/17pdf/17-654_5j3b.pdf
6/04/18,16-1215,"Lamar, Archer & Cofrin, LLP v. Appling",584/2,https://www.supremecourt.gov/opinions/17pdf/16-1215_gdhk.pdf
6/04/18,17-5716,Koons v. United States,584/2,https://www.supremecourt.gov/opinions/17pdf/17-5716_jhek.pdf
6/04/18,17-155,Hughes v. United States,584/2,https://www.supremecourt.gov/opinions/17pdf/17-155_new_4f15.pdf
6/04/18,16-111,"Masterpiece Cakeshop, Ltd. v. Colorado Civil Rights Comm’n",584/2,https://www.supremecourt.gov/opinions/17pdf/16-111_new2_22p3.pdf
5/29/18,16-1495,City of Hays v. Vogt,584/2,https://www.supremecourt.gov/opinions/17pdf/16-1495_e1pf.pdf
5/29/18,16-1027,Collins v. Virginia,584/2,https://www.supremecourt.gov/opinions/17pdf/16-1027_7lio.pdf
5/29/18,16-1519,Lagos v. United States,584/2,https://www.supremecourt.gov/opinions/17pdf/16-1519_o7jp.pdf
5/21/18,17-387,Upper Skagit Tribe v. Lundgren,584/2,https://www.supremecourt.gov/opinions/17pdf/17-387_ap6c.pdf
5/21/18,16-285,Epic Systems Corp. v. Lewis,584/2,https://www.supremecourt.gov/opinions/17pdf/16-285_q8l1.pdf
5/14/18,16-476,Murphy v. National Collegiate Athletic Assn.,584/2,https://www.supremecourt.gov/opinions/17pdf/16-476_dbfi.pdf
5/14/18,17-43,Dahda v. United States,584/2,https://www.supremecourt.gov/opinions/17pdf/17-43_m648.pdf
5/14/18,16-8255,McCoy v. Louisiana,584/2,https://www.supremecourt.gov/opinions/17pdf/16-8255_i4ek.pdf
5/14/18,16-1371,Byrd v. United States,584/2,https://www.supremecourt.gov/opinions/17pdf/16-1371_1bn2.pdf
5/14/18,17-312,United States v. Sanchez-Gomez,584/2,https://www.supremecourt.gov/opinions/17pdf/17-312_i426.pdf
4/24/18,16-969,SAS Institute Inc. v. Iancu,584/1,https://www.supremecourt.gov/opinions/17pdf/16-969_f2qg.pdf
4/24/18,16-712,"Oil States Energy Services, LLC v. Greene’s Energy Group, LLC",584/1,https://www.supremecourt.gov/opinions/17pdf/16-712_87ad.pdf
4/24/18,16-499,"Jesner v. Arab Bank, PLC",584/1,https://www.supremecourt.gov/opinions/17pdf/16-499_new_7648.pdf
4/17/18,17-2,United States v. Microsoft Corp.,584/1,https://www.supremecourt.gov/opinions/17pdf/17-2_1824.pdf
4/17/18,15-1498,Sessions v. Dimaya,584/1,https://www.supremecourt.gov/opinions/17pdf/15-1498_1b8e.pdf
4/17/18,16-6855,Wilson v. Sellers,584/1,https://www.supremecourt.gov/opinions/17pdf/16-6855_c18e.pdf
4/02/18,17-467,Kisela v. Hughes,584/1,https://www.supremecourt.gov/opinions/17pdf/17-467_bqm1.pdf
4/02/18,16-1362,"Encino Motorcars, LLC v. Navarro",584/1,https://www.supremecourt.gov/opinions/17pdf/16-1362_gfbh.pdf
3/27/18,16-1150,Hall v. Hall,584/1,https://www.supremecourt.gov/opinions/17pdf/16-1150_3ebh.pdf
3/21/18,16-6795,Ayestas v. Davis,584/1,https://www.supremecourt.gov/opinions/17pdf/16-6795_c9dh.pdf
3/21/18,16-1144,Marinello v. United States,584/1,https://www.supremecourt.gov/opinions/17pdf/16-1144_p8k0.pdf
3/20/18,15-1439,"Cyan, Inc. v. Beaver County Employees Retirement Fund",583/2,https://www.supremecourt.gov/opinions/17pdf/15-1439_8njq.pdf
3/05/18,"141, Orig.",Texas v. New Mexico,583/2,https://www.supremecourt.gov/opinions/17pdf/141orig_f204.pdf
3/05/18,15-1509,"U. S. Bank N. A. v. Village at Lakeridge, LLC",583/2,https://www.supremecourt.gov/opinions/17pdf/15-1509_4fbi.pdf
2/27/18,16-784,"Merit Management Group, LP v. FTI Consulting, Inc.",583/2,https://www.supremecourt.gov/opinions/17pdf/16-784_gdhk.pdf
2/27/18,15-1204,Jennings v. Rodriguez,583/2,https://www.supremecourt.gov/opinions/17pdf/15-1204_f29g.pdf
2/27/18,16-498,Patchak v Zinke,583/2,https://www.supremecourt.gov/opinions/17pdf/16-498_new_6j37.pdf
2/21/18,16-1067,Murphy v. Smith,583/2,https://www.supremecourt.gov/opinions/17pdf/16-1067_q86b.pdf
2/21/18,16-534,Rubin v. Islamic Republic of Iran,583/2,https://www.supremecourt.gov/opinions/17pdf/16-534_6jfm.pdf
2/21/18,16-424,Class v. United States,583/2,https://www.supremecourt.gov/opinions/17pdf/16-424_g2bh.pdf
2/21/18,16-1276,"Digital Realty Trust, Inc. v. Somers",583/2,https://www.supremecourt.gov/opinions/17pdf/16-1276_b0nd.pdf
2/20/18,"137, Orig",Montana v Wyoming,583/2,https://www.supremecourt.gov/opinions/17pdf/137orig_new_2cp3.pdf
2/20/18,17-515,CNH Industrial N. V. v. Reese,583/2,https://www.supremecourt.gov/opinions/17pdf/17-515_2c83.pdf
1/22/18,16-299,National Assn. of Mfrs. v. Department of Defense,583/1,https://www.supremecourt.gov/opinions/17pdf/16-299_8nk0.pdf
1/22/18,16-460,Artis v. District of Columbia,583/1,https://www.supremecourt.gov/opinions/17pdf/16-460_bqm2.pdf
1/22/18,15-1485,District of Columbia v. Wesby,583/1,https://www.supremecourt.gov/opinions/17pdf/15-1485_new_8n59.pdf
1/08/18,17-6075,Tharpe v. Sellers,583/1,https://www.supremecourt.gov/opinions/17pdf/17-6075_p8k0.pdf
12/20/17,17-801,In Re United States,583/1,https://www.supremecourt.gov/opinions/17pdf/17-801_6jgm.pdf
11/08/17,16-658,Hamer v. Neighborhood Housing Servs. of Chicago,583/1,https://www.supremecourt.gov/opinions/17pdf/16-658_p86b.pdf
11/06/17,17-193,Dunn v. Madison,583/1,https://www.supremecourt.gov/opinions/17pdf/17-193_o7jp.pdf
11/06/17,16-1468,Kernan v. Cuero,583/1,https://www.supremecourt.gov/opinions/17pdf/16-1468_1a72.pdf
6/27/19,18-6210,Mitchell v. Wisconsin,588/2,https://www.supremecourt.gov/opinions/18pdf/18-6210_2co3.pdf
6/27/19,18-966,Department of Commerce v. New York,588/2,https://www.supremecourt.gov/opinions/18pdf/18-966_bq7c.pdf
6/27/19,18-422,Rucho v. Common Cause,588/2,https://www.supremecourt.gov/opinions/18pdf/18-422_9ol1.pdf
6/26/19,17-1672,United States v. Haymond,588/2,https://www.supremecourt.gov/opinions/18pdf/17-1672_5hek.pdf
6/26/19,18-15,Kisor v. Wilkie,588/2,https://www.supremecourt.gov/opinions/18pdf/18-15_9p6b.pdf
6/26/19,18-96,Tennessee Wine and Spirits Retailers Assn. v. Thomas,588/2,https://www.supremecourt.gov/opinions/18pdf/18-96_5i36.pdf
6/24/19,18-431,United States v. Davis,588/2,https://www.supremecourt.gov/opinions/18pdf/18-431_7758.pdf
6/24/19,18-481,Food Marketing Institute v. Argus Leader Media,588/2,https://www.supremecourt.gov/opinions/18pdf/18-481_5426.pdf
6/24/19,18-302,Iancu v. Brunetti,588/2,https://www.supremecourt.gov/opinions/18pdf/18-302_e29g.pdf
6/24/19,18-266,Dutra Group v. Batterton,588/2,https://www.supremecourt.gov/opinions/18pdf/18-266_m6io.pdf
6/21/19,17-9572,Flowers v. Mississippi,588/1,https://www.supremecourt.gov/opinions/18pdf/17-9572_k536.pdf
6/21/19,18-457,North Carolina Dept. of Revenue v. Kimberley Rice Kaestner 1992 Family Trust,588/1,https://www.supremecourt.gov/opinions/18pdf/18-457_2034.pdf
6/21/19,17-9560,Rehaif v. United States,588/1,https://www.supremecourt.gov/opinions/18pdf/17-9560_new_onkq.pdf
6/21/19,17-647,Knick v. Township of Scott,588/1,https://www.supremecourt.gov/opinions/18pdf/17-647_m648.pdf
6/20/19,17-6086,Gundy v. United States,588/1,https://www.supremecourt.gov/opinions/18pdf/17-6086_2b8e.pdf
6/20/19,18-485,McDonough v. Smith,588/1,https://www.supremecourt.gov/opinions/18pdf/18-485_g2bh.pdf
6/20/19,17-1717,American Legion v. American Humanist Assn.,588/1,https://www.supremecourt.gov/opinions/18pdf/17-1717_j426.pdf
6/20/19,17-1705,"PDR Network, LLC v. Carlton Harris Chiropractic, Inc.",588/1,https://www.supremecourt.gov/opinions/18pdf/17-1705_8n59.pdf
6/17/19,17-1702,Manhattan Community Access Corp. v. Halleck,587/2,https://www.supremecourt.gov/opinions/18pdf/17-1702_h315.pdf
6/17/19,16-1275,"Virginia Uranium, Inc. v. Warren",587/2,https://www.supremecourt.gov/opinions/18pdf/16-1275_7lho.pdf
6/17/19,17-646,Gamble v. United States,587/2,https://www.supremecourt.gov/opinions/18pdf/17-646_new2_1an2.pdf
6/17/19,18-281,Virginia House of Delegates v. Bethune-Hill,587/2,https://www.supremecourt.gov/opinions/18pdf/18-281_6j37.pdf
6/10/19,17-778,Quarles v. United States,587/2,https://www.supremecourt.gov/opinions/18pdf/17-778_7li8.pdf
6/10/19,17-1594,"Return Mail, Inc. v. Postal Service",587/2,https://www.supremecourt.gov/opinions/18pdf/17-1594_1an2.pdf
6/10/19,18-389,"Parker Drilling Management Services, Ltd. v. Newton",587/2,https://www.supremecourt.gov/opinions/18pdf/18-389_4g15.pdf
6/03/19,17-1484,Azar v. Allina Health Services,587/2,https://www.supremecourt.gov/opinions/18pdf/17-1484_4f57.pdf
6/03/19,18-489,Taggart v. Lorenzen,587/2,https://www.supremecourt.gov/opinions/18pdf/18-489_p8k0.pdf
6/03/19,18-525,Fort Bend County v. Davis,587/2,https://www.supremecourt.gov/opinions/18pdf/18-525_m6hn.pdf
6/03/19,17-8995,Mont v. United States,587/2,https://www.supremecourt.gov/opinions/18pdf/17-8995_new_097c.pdf
5/28/19,18-483,"Box v. Planned Parenthood of Indiana and Kentucky, Inc.",587/2,https://www.supremecourt.gov/opinions/18pdf/18-483_3d9g.pdf
5/28/19,17-1606,Smith v. Berryhill,587/2,https://www.supremecourt.gov/opinions/18pdf/17-1606_868c.pdf
5/28/19,17-1471,"Home Depot U. S. A., Inc. v. Jackson",587/2,https://www.supremecourt.gov/opinions/18pdf/17-1471_e2p3.pdf
5/28/19,17-1174,Nieves v. Bartlett,587/2,https://www.supremecourt.gov/opinions/18pdf/17-1174_m5o1.pdf
5/20/19,17-1657,"Mission Product Holdings, Inc. v. Tempnology, LLC",587/1,https://www.supremecourt.gov/opinions/18pdf/17-1657_4f15.pdf
5/20/19,17-532,Herrera v. Wyoming,587/1,https://www.supremecourt.gov/opinions/18pdf/17-532_q86b.pdf
5/20/19,17-290,Merck Sharp & Dohme Corp. v. Albrecht,587/1,https://www.supremecourt.gov/opinions/18pdf/17-290_i425.pdf
5/13/19,17-204,Apple Inc. v. Pepper,587/1,https://www.supremecourt.gov/opinions/18pdf/17-204_bq7d.pdf
5/13/19,18-315,"Cochise Consultancy, Inc. v. United States ex rel. Hunt",587/1,https://www.supremecourt.gov/opinions/18pdf/18-315_1b8e.pdf
5/13/19,17-1299,Franchise Tax Bd. of Cal. v. Hyatt,587/1,https://www.supremecourt.gov/opinions/18pdf/17-1299_8njq.pdf
4/29/19,17-1201,Thacker v. TVA,587/1,https://www.supremecourt.gov/opinions/18pdf/17-1201_j426.pdf
4/24/19,17-988,"Lamps Plus, Inc. v. Varela",587/1,https://www.supremecourt.gov/opinions/18pdf/17-988_n6io.pdf
4/23/19,18-459,Emulex Corp. v. Varjabedian,587/1,https://www.supremecourt.gov/opinions/18pdf/18-459_4hdj.pdf
4/01/19,17-8151,Bucklew v. Precythe,587/1,https://www.supremecourt.gov/opinions/18pdf/17-8151_new_0pm1.pdf
4/01/19,17-1184,Biestek v. Berryhill,587/1,https://www.supremecourt.gov/opinions/18pdf/17-1184_1b82.pdf
3/27/19,17-1077,Lorenzo v. SEC,587/1,https://www.supremecourt.gov/opinions/18pdf/17-1077_21o3.pdf
3/26/19,17-949,Sturgeon v. Frost,587/1,https://www.supremecourt.gov/opinions/18pdf/17-949_6kgn.pdf
3/26/19,16-1094,Republic of Sudan v. Harrison,587/1,https://www.supremecourt.gov/opinions/18pdf/16-1094_3d94.pdf
3/20/19,17-961,Frank v. Gaos,586/2,https://www.supremecourt.gov/opinions/18pdf/17-961_j42k.pdf
3/20/19,17-1307,Obduskey v. McCarthy & Holthus LLP,586/2,https://www.supremecourt.gov/opinions/18pdf/17-1307_7lho.pdf
3/19/19,17-1104,Air & Liquid Systems Corp. v. DeVries,586/2,https://www.supremecourt.gov/opinions/18pdf/17-1104_2co3.pdf
3/19/19,16-1363,Nielsen v. Preap,586/2,https://www.supremecourt.gov/opinions/18pdf/16-1363_a86c.pdf
3/19/19,16-1498,"Washington State Dept. of Licensing v. Cougar Den, Inc.",586/2,https://www.supremecourt.gov/opinions/18pdf/16-1498_new_lkhn.pdf
3/04/19,17-1625,"Rimini Street, Inc. v. Oracle USA, Inc.",586/2,https://www.supremecourt.gov/opinions/18pdf/17-1625_lkhn.pdf
3/04/19,17-1042,BNSF R. Co. v. Loos,586/2,https://www.supremecourt.gov/opinions/18pdf/17-1042_new_7648.pdf
3/04/19,17-571,Fourth Estate Pub. Benefit Corp. v. Wall-Street.com,586/2,https://www.supremecourt.gov/opinions/18pdf/17-571_e29f.pdf
2/27/19,17-7505,Madison v. Alabama,586/2,https://www.supremecourt.gov/opinions/18pdf/17-7505_new_6kg7.pdf
2/27/19,17-1026,Garza v. Idaho,586/2,https://www.supremecourt.gov/opinions/18pdf/17-1026_2c83.pdf
2/27/19,17-1011,Jam v. International Finance Corp.,586/2,https://www.supremecourt.gov/opinions/18pdf/17-1011_new_d1o2.pdf
2/26/19,17-1094,Nutraceutical Corp. v. Lambert,586/2,https://www.supremecourt.gov/opinions/18pdf/17-1094_bq7d.pdf
2/25/19,18-272,Yovino v. Rizo,586/2,https://www.supremecourt.gov/opinions/18pdf/18-272_4hdj.pdf
2/20/19,17-419,Dawson v. Steager,586/2,https://www.supremecourt.gov/opinions/18pdf/17-419_n75o.pdf
2/20/19,17-1091,Timbs v. Indiana,586/2,https://www.supremecourt.gov/opinions/18pdf/17-1091_5536.pdf
2/19/19,18-443,Moore v. Texas,586/2,https://www.supremecourt.gov/opinions/18pdf/18-443_2b34.pdf
1/22/19,17-1229,"Helsinn Healthcare S. A. v. Teva Pharmaceuticals USA, Inc.",586/1,https://www.supremecourt.gov/opinions/18pdf/17-1229_2co3.pdf
1/15/19,17-340,New Prime Inc. v. Oliveira,586/1,https://www.supremecourt.gov/opinions/18pdf/17-340_o7kq.pdf
1/15/19,17-5554,Stokeling v. United States,586/1,https://www.supremecourt.gov/opinions/18pdf/17-5554_4gdj.pdf
1/08/19,17-1272,"Henry Schein, Inc. v. Archer & White Sales, Inc.",586/1,https://www.supremecourt.gov/opinions/18pdf/17-1272_7l48.pdf
1/08/19,17-773,Culbertson v. Berryhill,586/1,https://www.supremecourt.gov/opinions/18pdf/17-773_4h25.pdf
1/07/19,18-56,Shoop v. Hill,586/1,https://www.supremecourt.gov/opinions/18pdf/18-56_3d9g.pdf
1/07/19,17-1660,Escondido v. Emmons,586/1,https://www.supremecourt.gov/opinions/18pdf/17-1660_5ifl.pdf
12/10/18,17-765,United States v. Stitt,586/1,https://www.supremecourt.gov/opinions/18pdf/17-765_2co3.pdf
11/27/18,17-71,Weyerhaeuser Co. v. United States Fish and Wildlife Serv.,586/1,https://www.supremecourt.gov/opinions/18pdf/17-71_omjp.pdf
11/06/18,17-587,Mount Lemmon Fire Dist. v. Guido,586/1,https://www.supremecourt.gov/opinions/18pdf/17-587_n7ip.pdf
7/14/20,20A8,Barr v. Lee,591/2,https://www.supremecourt.gov/opinions/19pdf/20a8_4f14.pdf
7/09/20,17-1107,Sharp v. Murphy,591/2,https://www.supremecourt.gov/opinions/19pdf/17-1107_o759.pdf
7/09/20,18-9526,McGirt v. Oklahoma,591/2,https://www.supremecourt.gov/opinions/19pdf/18-9526_9okb.pdf
7/09/20,19-715,"Trump v. Mazars USA, LLP",591/2,https://www.supremecourt.gov/opinions/19pdf/19-715_febh.pdf
7/09/20,19-635,Trump v. Vance,591/2,https://www.supremecourt.gov/opinions/19pdf/19-635_o7jq.pdf
7/08/20,19-267,Our Lady of Guadalupe School v. Morrissey-Berru,591/2,https://www.supremecourt.gov/opinions/19pdf/19-267_1an2.pdf
7/08/20,19-431,Little Sisters of the Poor Saints Peter and Paul Home v. Pennsylvania,591/2,https://www.supremecourt.gov/opinions/19pdf/19-431_5i36.pdf
7/06/20,19-518,Colorado Dept. of State v. Baca,591/2,https://www.supremecourt.gov/opinions/19pdf/19-518_6k47.pdf
7/06/20,19-631,"Barr v. American Assn. of Political Consultants, Inc.",591/2,https://www.supremecourt.gov/opinions/19pdf/19-631_2d93.pdf
7/06/20,19-465,Chiafalo v. Washington,591/2,https://www.supremecourt.gov/opinions/19pdf/19-465_i425.pdf
6/30/20,19-46,Patent and Trademark Office v. Booking.com B. V.,591/2,https://www.supremecourt.gov/opinions/19pdf/19-46_8n59.pdf
6/30/20,18-1195,Espinoza v. Montana Dept. of Revenue,591/2,https://www.supremecourt.gov/opinions/19pdf/18-1195_g314.pdf
6/29/20,19-177,Agency for Int’l Development v. Alliance for Open Society,591/1,https://www.supremecourt.gov/opinions/19pdf/19-177_b97c.pdf
6/29/20,18-1323,June Medical Services L. L. C. v. Russo,591/1,https://www.supremecourt.gov/opinions/19pdf/18-1323_c07d.pdf
6/29/20,19-7,Seila Law LLC v. Consumer Financial Protection Bureau,591/1,https://www.supremecourt.gov/opinions/19pdf/19-7_new_bq7d.pdf
6/25/20,19-161,Department of Homeland Security v. Thuraissigiam,591/1,https://www.supremecourt.gov/opinions/19pdf/19-161_g314.pdf
6/22/20,18-1501,Liu v. SEC,591/1,https://www.supremecourt.gov/opinions/19pdf/18-1501_8n5a.pdf
6/18/20,18-587,Department of Homeland Security v. Regents of Univ. of Cal.,591/1,https://www.supremecourt.gov/opinions/19pdf/18-587_5ifl.pdf
6/15/20,18-9674,Andrus v. Texas,590/2,https://www.supremecourt.gov/opinions/19pdf/18-9674_5hd5.pdf
6/15/20,17-1618,Bostock v. Clayton County,590/2,https://www.supremecourt.gov/opinions/19pdf/17-1618_hfci.pdf
6/15/20,18-1584,United States Forest Service v. Cowpasture River Preservation Assn.,590/2,https://www.supremecourt.gov/opinions/19pdf/18-1584_igdj.pdf
6/08/20,18-8369,Lomax v. Ortiz-Marquez,590/2,https://www.supremecourt.gov/opinions/19pdf/18-8369_3dq3.pdf
6/01/20,18-1432,Nasrallah v. Barr,590/2,https://www.supremecourt.gov/opinions/19pdf/18-1432_e2pg.pdf
6/01/20,17-1712,Thole v. U. S. Bank N. A.,590/2,https://www.supremecourt.gov/opinions/19pdf/17-1712_0971.pdf
6/01/20,18-6943,Banister v. Davis,590/2,https://www.supremecourt.gov/opinions/19pdf/18-6943_k5fm.pdf
6/01/20,18-1334,"Financial Oversight and Management Bd. for Puerto Rico v. Aurelius Investment, LLC",590/2,https://www.supremecourt.gov/opinions/19pdf/18-1334_new1_1a7d.pdf
6/01/20,18-1048,"GE Energy Power Conversion France SAS v. Outokumpu Stainless USA, LLC",590/2,https://www.supremecourt.gov/opinions/19pdf/18-1048_8ok0.pdf
5/18/20,17-1268,Opati v. Republic of Sudan,590/1,https://www.supremecourt.gov/opinions/19pdf/17-1268_c07d.pdf
5/14/20,18-1086,"Lucky Brand Dungarees, Inc. v. Marcel Fashions Group, Inc.",590/1,https://www.supremecourt.gov/opinions/19pdf/18-1086_new_5ifl.pdf
5/07/20,18-1059,Kelly v. United States,590/1,https://www.supremecourt.gov/opinions/19pdf/18-1059_e2p3.pdf
5/07/20,19-67,United States v. Sineneng-Smith,590/1,https://www.supremecourt.gov/opinions/19pdf/19-67_n6io.pdf
4/27/20,18-280,"New York State Rifle & Pistol Assn., Inc. v. City of New York",590/1,https://www.supremecourt.gov/opinions/19pdf/18-280_l64n.pdf
4/27/20,18-1023,Maine Community Health Options v. United States,590/1,https://www.supremecourt.gov/opinions/19pdf/18-1023_m64o.pdf
4/27/20,18-1150,"Georgia v. Public Resource.Org, Inc.",590/1,https://www.supremecourt.gov/opinions/19pdf/18-1150_new_d18e.pdf
4/23/20,18-725,Barton v. Barr,590/1,https://www.supremecourt.gov/opinions/19pdf/18-725_f2bh.pdf
4/23/20,18-1233,"Romag Fasteners, Inc. v. Fossil Group, Inc.",590/1,https://www.supremecourt.gov/opinions/19pdf/18-1233_5he6.pdf
4/23/20,18-260,County of Maui v. Hawaii Wildlife Fund,590/1,https://www.supremecourt.gov/opinions/19pdf/18-260_jifl.pdf
4/20/20,18-5924,Ramos v. Louisiana,590/1,https://www.supremecourt.gov/opinions/19pdf/18-5924_n6io.pdf
4/20/20,18-916,"Thryv, Inc. v. Click-To-Call Technologies, LP",590/1,https://www.supremecourt.gov/opinions/19pdf/18-916_new_g3bi.pdf
4/20/20,17-1498,Atlantic Richfield Co. v. Christian,590/1,https://www.supremecourt.gov/opinions/19pdf/17-1498_8mjp.pdf
4/06/20,19A1016,Republican National Committee v. Democratic National Committee,589/2,https://www.supremecourt.gov/opinions/19pdf/19a1016_o759.pdf
4/06/20,18-882,Babb v. Wilkie,589/2,https://www.supremecourt.gov/opinions/19pdf/18-882_3ebh.pdf
4/06/20,18-556,Kansas v. Glover,589/2,https://www.supremecourt.gov/opinions/19pdf/18-556_e1pf.pdf
3/30/20,18-565,CITGO Asphalt Refining Co. v. Frescati Shipping Co.,589/2,https://www.supremecourt.gov/opinions/19pdf/18-565_3d93.pdf
3/23/20,19-5421,Davis v. United States,589/2,https://www.supremecourt.gov/opinions/19pdf/19-5421_o7jq.pdf
3/23/20,18-1171,Comcast Corp. v. National Assn. of African-American Owned Media,589/2,https://www.supremecourt.gov/opinions/19pdf/18-1171_4425.pdf
3/23/20,18-6135,Kahler v. Kansas,589/2,https://www.supremecourt.gov/opinions/19pdf/18-6135_j4ek.pdf
3/23/20,18-877,Allen v. Cooper,589/2,https://www.supremecourt.gov/opinions/19pdf/18-877_dc8f.pdf
3/23/20,18-776,Guerrero-Lasprilla v. Barr,589/2,https://www.supremecourt.gov/opinions/19pdf/18-776_8759.pdf
3/03/20,17-834,Kansas v. Garcia,589/2,https://www.supremecourt.gov/opinions/19pdf/17-834_k53l.pdf
2/26/20,18-1116,Intel Corp. Investment Policy Comm. v. Sulyma,589/2,https://www.supremecourt.gov/opinions/19pdf/18-1116_h3cj.pdf
2/26/20,18-7739,Holguin-Hernandez v. United States,589/2,https://www.supremecourt.gov/opinions/19pdf/18-7739_9q7h.pdf
2/26/20,18-6662,Shular v. United States,589/2,https://www.supremecourt.gov/opinions/19pdf/18-6662_c0ne.pdf
2/25/20,18-1109,McKinney v. Arizona,589/1,https://www.supremecourt.gov/opinions/19pdf/18-1109_5i36.pdf
2/25/20,18-1269,Rodriguez v. FDIC,589/1,https://www.supremecourt.gov/opinions/19pdf/18-1269_h3dj.pdf
2/25/20,17-1678,Hernández v. Mesa,589/1,https://www.supremecourt.gov/opinions/19pdf/17-1678_m6io.pdf
2/25/20,18-935,Monasky v. Taglieri,589/1,https://www.supremecourt.gov/opinions/19pdf/18-935_new_fd9g.pdf
2/24/20,18-921,Roman Catholic Archdiocese of San Juan v. Acevedo Feliciano,589/1,https://www.supremecourt.gov/opinions/19pdf/18-921_2cp3.pdf
1/14/20,18-1165,Retirement Plans Comm. of IBM v. Jander,589/1,https://www.supremecourt.gov/opinions/19pdf/18-1165_768c.pdf
1/14/20,18-938,"Ritzen Group, Inc. v. Jackson Masonry, LLC",589/1,https://www.supremecourt.gov/opinions/19pdf/18-938_l6gn.pdf
12/11/19,18-801,"Peter v. NantKwest, Inc.",589/1,https://www.supremecourt.gov/opinions/19pdf/18-801_o758.pdf
12/10/19,18-328,Rotkiske v. Klemm,589/1,https://www.supremecourt.gov/opinions/19pdf/18-328_pm02.pdf
11/25/19,19-122,Thompson v. Hebdon,589/1,https://www.supremecourt.gov/opinions/19pdf/19-122_k536.pdf
8/26/21,21A23,Alabama Assn. of Realtors v. Department of Health and Human Servs.,594/2,https://www.supremecourt.gov/opinions/20pdf/21a23_ap6c.pdf
7/02/21,20-1084,Dunn v. Reeves,594/2,https://www.supremecourt.gov/opinions/20pdf/20-1084_19m1.pdf
7/01/21,19-1257,Brnovich v. Democratic National Committee,594/2,https://www.supremecourt.gov/opinions/20pdf/19-1257_new_2c8f.pdf
7/01/21,19-251,Americans for Prosperity Foundation v. Bonta,594/2,https://www.supremecourt.gov/opinions/20pdf/19-251_p86b.pdf
6/29/21,20-440,"Minerva Surgical, Inc. v. Hologic, Inc.",594/2,https://www.supremecourt.gov/opinions/20pdf/20-440_9ol1.pdf
6/29/21,19-897,Johnson v. Guzman Chavez,594/2,https://www.supremecourt.gov/opinions/20pdf/19-897_c07d.pdf
6/29/21,19-1039,PennEast Pipeline Co. v. New Jersey,594/2,https://www.supremecourt.gov/opinions/20pdf/19-1039_8n5a.pdf
6/28/21,20-1212,Pakdel v. City and County of San Francisco,594/2,https://www.supremecourt.gov/opinions/20pdf/20-1212_3204.pdf
6/28/21,20-391,Lombardo v. St. Louis,594/2,https://www.supremecourt.gov/opinions/20pdf/20-391_2c83.pdf
6/25/21,20-297,TransUnion LLC v. Ramirez,594/2,https://www.supremecourt.gov/opinions/20pdf/20-297_4g25.pdf
6/25/21,20-472,"HollyFrontier Cheyenne Refining, LLC v. Renewable Fuels Assn.",594/2,https://www.supremecourt.gov/opinions/20pdf/20-472_0pm1.pdf
6/25/21,20-543,Yellen v. Confederated Tribes of Chehalis Reservation,594/2,https://www.supremecourt.gov/opinions/20pdf/20-543_new_8n59.pdf
6/23/21,20-18,Lange v. California,594/1,https://www.supremecourt.gov/opinions/20pdf/20-18_new_6k47.pdf
6/23/21,19-422,Collins v. Yellen,594/1,https://www.supremecourt.gov/opinions/20pdf/19-422_new_c0n2.pdf
6/23/21,20-255,Mahanoy Area School Dist. v. B. L.,594/1,https://www.supremecourt.gov/opinions/20pdf/20-255_g3bi.pdf
6/23/21,20-107,Cedar Point Nursery v. Hassid,594/1,https://www.supremecourt.gov/opinions/20pdf/20-107_ihdj.pdf
6/21/21,20-222,"Goldman Sachs Group, Inc. v. Arkansas Teacher Retirement System",594/1,https://www.supremecourt.gov/opinions/20pdf/20-222_2c83.pdf
6/21/21,20-512,National Collegiate Athletic Assn. v. Alston,594/1,https://www.supremecourt.gov/opinions/20pdf/20-512_new_7mi8.pdf
6/21/21,19-1434,"United States v. Arthrex, Inc.",594/1,https://www.supremecourt.gov/opinions/20pdf/19-1434_new_j4el.pdf
6/17/21,19-840,California v. Texas,593/2,https://www.supremecourt.gov/opinions/20pdf/19-840_new_5hdk.pdf
6/17/21,19-416,"Nestlé USA, Inc. v. Doe",593/2,https://www.supremecourt.gov/opinions/20pdf/19-416_i4dj.pdf
6/17/21,19-123,Fulton v. Philadelphia,593/2,https://www.supremecourt.gov/opinions/20pdf/19-123_new_9olb.pdf
6/14/21,19-8709,Greer v. United States,593/2,https://www.supremecourt.gov/opinions/20pdf/19-8709_n7io.pdf
6/14/21,20-5904,Terry v. United States,593/2,https://www.supremecourt.gov/opinions/20pdf/20-5904_i4dk.pdf
6/10/21,19-5410,Borden v. United States,593/2,https://www.supremecourt.gov/opinions/20pdf/19-5410_8nj9.pdf
6/07/21,20-315,Sanchez v. Mayorkas,593/2,https://www.supremecourt.gov/opinions/20pdf/20-315_q713.pdf
6/03/21,19-783,Van Buren v. United States,593/2,https://www.supremecourt.gov/opinions/20pdf/19-783_k53l.pdf
6/01/21,19-1155,Garland v. Ming Dai,593/2,https://www.supremecourt.gov/opinions/20pdf/19-1155_new_197d.pdf
6/01/21,19-1414,United States v. Cooley,593/2,https://www.supremecourt.gov/opinions/20pdf/19-1414_8m58.pdf
5/27/21,20-334,"San Antonio v. Hotels.com, L. P.",593/2,https://www.supremecourt.gov/opinions/20pdf/20-334_5h26.pdf
5/24/21,20-437,United States v. Palomar-Santiago,593/2,https://www.supremecourt.gov/opinions/20pdf/20-437_new_qol1.pdf
5/24/21,20-382,Guam v. United States,593/2,https://www.supremecourt.gov/opinions/20pdf/20-382_869d.pdf
5/17/21,19-5807,Edwards v. Vannoy,593/1,https://www.supremecourt.gov/opinions/20pdf/19-5807_new2_jhek.pdf
5/17/21,19-1189,BP p.l.c. v. Mayor and City Council of Baltimore,593/1,https://www.supremecourt.gov/opinions/20pdf/19-1189_p86b.pdf
5/17/21,19-930,"CIC Servs., LLC v. IRS",593/1,https://www.supremecourt.gov/opinions/20pdf/19-930_d1o3.pdf
5/17/21,20-157,Caniglia v. Strom,593/1,https://www.supremecourt.gov/opinions/20pdf/20-157_8mjp.pdf
4/29/21,19-863,Niz-Chavez v. Garland,593/1,https://www.supremecourt.gov/opinions/20pdf/19-863_new_5426.pdf
4/26/21,20-940,Alaska v. Wright,593/1,https://www.supremecourt.gov/opinions/20pdf/20-940_c0ne.pdf
4/22/21,18-1259,Jones v. Mississippi,593/1,https://www.supremecourt.gov/opinions/20pdf/18-1259_8njq.pdf
4/22/21,19-1442,Carr v. Saul,593/1,https://www.supremecourt.gov/opinions/20pdf/19-1442_971e.pdf
4/22/21,19-508,"AMG Capital Management, LLC v. FTC",593/1,https://www.supremecourt.gov/opinions/20pdf/19-508_l6gn.pdf
4/09/21,20A151,Tandon v. Newsom,593/1,https://www.supremecourt.gov/opinions/20pdf/20a151_4g15.pdf
4/05/21,18-956,"Google LLC v. Oracle America, Inc.",593/1,https://www.supremecourt.gov/opinions/20pdf/18-956_new_3fb4.pdf
4/01/21,"142, Orig.",Florida v. Georgia,592/2,https://www.supremecourt.gov/opinions/20pdf/22o142_m648.pdf
4/01/21,19-1231,FCC v. Prometheus Radio Project,592/2,https://www.supremecourt.gov/opinions/20pdf/19-1231_i425.pdf
4/01/21,19-511,"Facebook, Inc. v. Duguid",592/2,https://www.supremecourt.gov/opinions/20pdf/19-511_p86b.pdf
3/29/21,20-507,Mays v. Hines,592/2,https://www.supremecourt.gov/opinions/20pdf/20-507_h315.pdf
3/25/21,19-368,Ford Motor Co. v. Montana Eighth Judicial Dist.,592/2,https://www.supremecourt.gov/opinions/20pdf/19-368_febh.pdf
3/25/21,19-292,Torres v. Madrid,592/2,https://www.supremecourt.gov/opinions/20pdf/19-292_21p3.pdf
3/08/21,19-968,Uzuegbunam v. Preczewski,592/2,https://www.supremecourt.gov/opinions/20pdf/19-968_8nj9.pdf
3/04/21,19-547,"United States Fish and Wildlife Serv. v. Sierra Club, Inc.",592/2,https://www.supremecourt.gov/opinions/20pdf/19-547_new_3e04.pdf
3/04/21,19-438,Pereida v. Wilkinson,592/2,https://www.supremecourt.gov/opinions/20pdf/19-438_j4el.pdf
2/25/21,19-546,Brownback v. King,592/2,https://www.supremecourt.gov/opinions/20pdf/19-546_7mip.pdf
2/03/21,18-1447,Republic of Hungary v. Simon,592/1,https://www.supremecourt.gov/opinions/20pdf/18-1447_igkn.pdf
2/03/21,19-199,Salinas v. Railroad Retirement Bd.,592/1,https://www.supremecourt.gov/opinions/20pdf/19-199_o7jq.pdf
2/03/21,19-351,Federal Republic of Germany v. Philipp,592/1,https://www.supremecourt.gov/opinions/20pdf/19-351_o7jp.pdf
1/25/21,19-963,"Henry Schein, Inc. v. Archer & White Sales, Inc.",592/1,https://www.supremecourt.gov/opinions/20pdf/19-963_2c8f.pdf
1/14/21,19-357,Chicago v. Fulton,592/1,https://www.supremecourt.gov/opinions/20pdf/19-357_6k47.pdf
12/18/20,20-366,Trump v. New York,592/1,https://www.supremecourt.gov/opinions/20pdf/20-366_2d93.pdf
12/14/20,19-1302,Shinn v. Kayer,592/1,https://www.supremecourt.gov/opinions/20pdf/19-1302_new_j4ek.pdf
12/14/20,"65, Orig.",Texas v. New Mexico,592/1,https://www.supremecourt.gov/opinions/20pdf/22o65_dc8e.pdf
12/10/20,18-540,Rutledge v. Pharmaceutical Care Management Assn.,592/1,https://www.supremecourt.gov/opinions/20pdf/18-540_m64o.pdf
12/10/20,19-108,United States v. Briggs,592/1,https://www.supremecourt.gov/opinions/20pdf/19-108_8njq.pdf
12/10/20,19-309,Carney v. Adams,592/1,https://www.supremecourt.gov/opinions/20pdf/19-309_4f15.pdf
12/10/20,19-71,Tanzin v. Tanvir,592/1,https://www.supremecourt.gov/opinions/20pdf/19-71_qol1.pdf
11/25/20,20A87,Roman Catholic Diocese of Brooklyn v. Cuomo,592/1,https://www.supremecourt.gov/opinions/20pdf/20a87_08m1.pdf
11/02/20,19-1261,Taylor v. Riojas,592/1,https://www.supremecourt.gov/opinions/20pdf/19-1261_g3bh.pdf
11/02/20,19-1108,Mckesson v. Doe,592/1,https://www.supremecourt.gov/opinions/20pdf/19-1108_8n5a.pdf
6/30/22,21-954,Biden v. Texas,597/2,https://www.supremecourt.gov/opinions/21pdf/21-954_7l48.pdf
6/30/22,20-1530,West Virginia v. EPA,597/2,https://www.supremecourt.gov/opinions/21pdf/20-1530_new_l537.pdf
6/29/22,21-429,Oklahoma v. Castro-Huerta,597/2,https://www.supremecourt.gov/opinions/21pdf/21-429_8o6a.pdf
6/29/22,20-603,Torres v. Texas Department of Public Safety,597/2,https://www.supremecourt.gov/opinions/21pdf/20-603_o758.pdf
6/27/22,21-418,Kennedy v. Bremerton School Dist.,597/2,https://www.supremecourt.gov/opinions/21pdf/21-418_new_onkq.pdf
6/27/22,20-1650,Concepcion v. United States,597/2,https://www.supremecourt.gov/opinions/21pdf/20-1650_new_4gci.pdf
6/27/22,20-1410,Xiulu Ruan v. United States,597/2,https://www.supremecourt.gov/opinions/21pdf/20-1410_1an2.pdf
6/24/22,20-1312,"Becerra v. Empire Health Foundation, For Valley Hospital Medical Center",597/1,https://www.supremecourt.gov/opinions/21pdf/20-1312_j42l.pdf
6/24/22,19-1392,Dobbs v. Jackson Women’s Health Organization,597/1,https://www.supremecourt.gov/opinions/21pdf/19-1392_6j37.pdf
6/23/22,21-248,Berger v. North Carolina State Conference of the NAACP,597/1,https://www.supremecourt.gov/opinions/21pdf/21-248_4fc5.pdf
6/23/22,21-439,Nance v. Ward,597/1,https://www.supremecourt.gov/opinions/21pdf/21-439_bp7c.pdf
6/23/22,21-499,Vega v. Tekoh,597/1,https://www.supremecourt.gov/opinions/21pdf/21-499_gfbh.pdf
6/23/22,20-843,"New York State Rifle & Pistol Assn., Inc. v. Bruen",597/1,https://www.supremecourt.gov/opinions/21pdf/20-843_new_m648.pdf
6/21/22,20-1641,Marietta Memorial Hospital Employee Health Benefit Plan v. DaVita Inc.,596/2,https://www.supremecourt.gov/opinions/21pdf/20-1641_3314.pdf
6/21/22,20-1459,United States v. Taylor,596/2,https://www.supremecourt.gov/opinions/21pdf/20-1459_n7ip.pdf
6/21/22,21-404,United States v. Washington,596/2,https://www.supremecourt.gov/opinions/21pdf/21-404_i5ea.pdf
6/21/22,21-511,Shoop v. Twyford,596/2,https://www.supremecourt.gov/opinions/21pdf/21-511_o75p.pdf
6/21/22,20-1088,Carson v. Makin,596/2,https://www.supremecourt.gov/opinions/21pdf/20-1088_dbfi.pdf
6/15/22,20-1775,Arizona v. City and County of San Francisco,596/2,https://www.supremecourt.gov/opinions/21pdf/20-1775_4425.pdf
6/15/22,21-234,George v. McDonough,596/2,https://www.supremecourt.gov/opinions/21pdf/21-234_2b8e.pdf
6/15/22,20-1114,American Hospital Assn. v. Becerra,596/2,https://www.supremecourt.gov/opinions/21pdf/20-1114_09m1.pdf
6/15/22,20-493,Ysleta del Sur Pueblo v. Texas,596/2,https://www.supremecourt.gov/opinions/21pdf/20-493_jgko.pdf
6/15/22,20-1034,Golan v. Saada,596/2,https://www.supremecourt.gov/opinions/21pdf/20-1034_b8dg.pdf
6/15/22,20-1573,"Viking River Cruises, Inc. v. Moriana",596/2,https://www.supremecourt.gov/opinions/21pdf/20-1573_8p6h.pdf
6/13/22,21-401,"ZF Automotive U. S., Inc. v. Luxshare, Ltd.",596/2,https://www.supremecourt.gov/opinions/21pdf/21-401_2cp3.pdf
6/13/22,20-7622,Denezpi v. United States,596/2,https://www.supremecourt.gov/opinions/21pdf/20-7622_ljgm.pdf
6/13/22,19-896,Johnson v. Arteaga-Martinez,596/2,https://www.supremecourt.gov/opinions/21pdf/19-896_2135.pdf
6/13/22,20-322,Garland v. Gonzalez,596/2,https://www.supremecourt.gov/opinions/21pdf/20-322_new_986b.pdf
6/13/22,21-5726,Kemp v. United States,596/2,https://www.supremecourt.gov/opinions/21pdf/21-5726_5iel.pdf
6/08/22,21-147,Egbert v. Boule,596/1,https://www.supremecourt.gov/opinions/21pdf/21-147_g31h.pdf
6/06/22,21-441,Siegel v. Fitzgerald,596/1,https://www.supremecourt.gov/opinions/21pdf/21-441_3204.pdf
6/06/22,21-309,Southwest Airlines Co. v. Saxon,596/1,https://www.supremecourt.gov/opinions/21pdf/21-309_o758.pdf
6/06/22,20-1263,Gallardo v. Marstiller,596/1,https://www.supremecourt.gov/opinions/21pdf/20-1263_new_hfci.pdf
5/23/22,21-328,"Morgan v. Sundance, Inc.",596/1,https://www.supremecourt.gov/opinions/21pdf/21-328_m6ho.pdf
5/23/22,20-1009,Shinn v. Martinez Ramirez,596/1,https://www.supremecourt.gov/opinions/21pdf/20-1009_19m2.pdf
5/16/22,20-979,Patel v. Garland,596/1,https://www.supremecourt.gov/opinions/21pdf/20-979_h3ci.pdf
5/16/22,21-12,Federal Election Comm’n v. Ted Cruz,596/1,https://www.supremecourt.gov/opinions/21pdf/21-12_new_k5fm.pdf
5/02/22,20-1800,Shurtleff v. Boston,596/1,https://www.supremecourt.gov/opinions/21pdf/20-1800_7lho.pdf
4/28/22,20-807,LeDure v. Union Pacific Railroad Co.,596/1,https://www.supremecourt.gov/opinions/21pdf/20-807_3f14.pdf
4/28/22,20-219,Cummings v. Premier Rehab Keller,596/1,https://www.supremecourt.gov/opinions/21pdf/20-219_1b82.pdf
4/21/22,20-1472,Boechler v. Commissioner,596/1,https://www.supremecourt.gov/opinions/21pdf/20-1472_6j37.pdf
4/21/22,20-303,United States v. Vaello Madero,596/1,https://www.supremecourt.gov/opinions/21pdf/20-303_new_21o2.pdf
4/21/22,20-826,Brown v. Davenport,596/1,https://www.supremecourt.gov/opinions/21pdf/20-826_p702.pdf
4/21/22,20-1566,Cassirer v. Thyssen-Bornemisza Collection Foundation,596/1,https://www.supremecourt.gov/opinions/21pdf/20-1566_l5gm.pdf
4/21/22,20-1029,"City of Austin v. Reagan National Advertising of Austin, LLC",596/1,https://www.supremecourt.gov/opinions/21pdf/20-1029_i42k.pdf
4/04/22,20-659,Thompson v. Clark,596/1,https://www.supremecourt.gov/opinions/21pdf/20-659_3ea4.pdf
3/31/22,20-1143,Badgerow v. Walters,596/1,https://www.supremecourt.gov/opinions/21pdf/20-1143_m6hn.pdf
3/24/22,20-804,Houston Community College System v. Wilson,595/2,https://www.supremecourt.gov/opinions/21pdf/20-804_j426.pdf
3/24/22,21-5592,Ramirez v. Collier,595/2,https://www.supremecourt.gov/opinions/21pdf/21-5592_feah.pdf
3/23/22,21A471,Wisconsin Legislature v. Wisconsin Elections Commission,595/2,https://www.supremecourt.gov/opinions/21pdf/21a471_097c.pdf
3/07/22,20-5279,Wooden v. United States,595/2,https://www.supremecourt.gov/opinions/21pdf/20-5279_new_h315.pdf
3/04/22,20-828,FBI v. Fazaga,595/2,https://www.supremecourt.gov/opinions/21pdf/20-828_5ie6.pdf
3/04/22,20-443,United States v. Tsarnaev,595/2,https://www.supremecourt.gov/opinions/21pdf/20-443_new_2d8f.pdf
3/03/22,20-601,"Cameron v. EMW Women’s Surgical Center, P. S. C.",595/2,https://www.supremecourt.gov/opinions/21pdf/20-601_new_g20h.pdf
3/03/22,20-827,United States v. Zubaydah,595/2,https://www.supremecourt.gov/opinions/21pdf/20-827_new2_feah.pdf
2/24/22,20-915,"Unicolors, Inc. v. H&M Hennes & Mauritz, L. P.",595/2,https://www.supremecourt.gov/opinions/21pdf/20-915_pol1.pdf
1/24/22,19-1401,Hughes v. Northwestern Univ.,595/1,https://www.supremecourt.gov/opinions/21pdf/19-1401_m6io.pdf
1/20/22,20-637,Hemphill v. New York,595/1,https://www.supremecourt.gov/opinions/21pdf/20-637_new_6khn.pdf
1/13/22,21A244,NFIB v. OSHA,595/1,https://www.supremecourt.gov/opinions/21pdf/21a244_hgci.pdf
1/13/22,21A240,Biden v. Missouri,595/1,https://www.supremecourt.gov/opinions/21pdf/21a240_d18e.pdf
1/13/22,20-480,Babcock v. Kijakazi,595/1,https://www.supremecourt.gov/opinions/21pdf/20-480_b97c.pdf
12/10/21,21-588 (21A85),United States v. Texas,595/1,https://www.supremecourt.gov/opinions/21pdf/21-588_c07d.pdf
12/10/21,21-463,Whole Woman’s Health v. Jackson,595/1,https://www.supremecourt.gov/opinions/21pdf/21-463_new_8o6b.pdf
11/22/21,"143, Orig.",Mississippi v. Tennessee,595/1,https://www.supremecourt.gov/opinions/21pdf/143orig_1qm1.pdf
10/18/21,20-1668,City of Tahlequah v. Bond,595/1,https://www.supremecourt.gov/opinions/21pdf/20-1668_new_n7io.pdf
10/18/21,20-1539,Rivas-Villegas v. Cortesluna,595/1,https://www.supremecourt.gov/opinions/21pdf/20-1539_09m1.pdf
2/28/23,"145, Orig.",Delaware v. Pennsylvania,598/1,https://www.supremecourt.gov/opinions/22pdf/145orig_kjfl.pdf
2/28/23,21-1195,Bittner v. United States,598/1,https://www.supremecourt.gov/opinions/22pdf/21-1195_h3ci.pdf
2/22/23,21-908,Bartenwerfer v. Buckley,598/1,https://www.supremecourt.gov/opinions/22pdf/21-908_n6io.pdf
2/22/23,21-984,"Helix Energy Solutions Group, Inc. v. Hewitt",598/1,https://www.supremecourt.gov/opinions/22pdf/21-984_j426.pdf
2/22/23,21-846,Cruz v. Arizona,598/1,https://www.supremecourt.gov/opinions/22pdf/21-846_lkgn.pdf
1/23/23,21-1397,In re Grand Jury,598/1,https://www.supremecourt.gov/opinions/22pdf/21-1397_ap6b.pdf
1/23/23,21-432,Arellano v. McDonough,598/1,https://www.supremecourt.gov/opinions/22pdf/21-432_f2bh.pdf
